precision,recall,f1,true_positives,false_positives,false_negatives,policy_id,model,duration_sec,num_extracted
0.22916666666666666,0.34375,0.27499999999999997,11,37,21,DB_223,gemini:gemini-2.5-flash,46.22,48
0.45652173913043476,0.5384615384615384,0.49411764705882355,21,25,18,DB_155,gemini:gemini-2.5-flash,29.17,46
0.5161290322580645,0.6956521739130435,0.5925925925925926,16,15,7,DB_141,gemini:gemini-2.5-flash,33.96,31
0.375,0.4090909090909091,0.3913043478260869,18,30,26,DB_169,gemini:gemini-2.5-flash,37.14,48
0.3018867924528302,0.2962962962962963,0.2990654205607477,16,37,38,DB_97,gemini:gemini-2.5-flash,33.78,53
